{
    "customerReviews": {
        "blades": {
            "review-list": {
                "labels": {
                    "content": "Content",
                    "modifiedDate": "Last updated",
                    "no-review": "No Customer Reviews found"
                }
            }
        },
        "widgets": {
          "item-detail": {
            "title": "Customer reviews"
          },
          "positive-item-detail": {
            "title": "Positive customer reviews"
          }
        }
    },
    "permissions": {
        "customerReview:read": "Read Customer Reviews",
        "customerReview:update": "Update Customer Reviews",
        "customerReview:delete": "Delete Customer Reviews"
    },
    "settings": {
        "CustomerReviews": {
            "CustomerReviewsEnabled": {
                "title": "Customer Reviews enabled",
                "description": "Flag to mark that customer reviews functionality is enabled"
            }
        }
    }
}
